cluster_id,cluster_name,nav_0_5,presentation_0_5,learnability_0_5,task_support_0_5,customization_0_5,iso9241_110_0_5,sus_expert_est,sus_band,primary_evidence,top_finding_id,top_finding_severity,top_finding_summary,compare_ref
C01,Start_Launchpad_AppShell_Voice,4,4,3,4,3,4,72,8,uix-anwender-bedienwege.md; launchpad-informationshierarchie.md; ki-usability README; CommandPalette,U-C01-01,Minor,Omnibox/Intent-Compiler noch nicht vollstaendig NL→Plan; Voice deckt Navigation besser als Waage-Mutation,SAP_Fiori_Launchpad;Light_agents;ERPClaw_chat
C02,CRM_Verkauf_O2C,4,4,3,4,2,4,70,8,pages/crm|verkauf|sales; MASKEN Belegkette; ProcessRibbon; ADR-078 Lead,U-C02-01,Major,Doppelte Pattern-Schichten (mask-builder vs patterns vs freie JSX) erhoehen Lernaufwand; MCP-Schreiben unvollstaendig,SAP_Fiori_ObjectPage;Odoo_CRM;L3_Gewohnheit
C03,Einkauf_S2P,3,3,3,3,2,3,62,8,pages/einkauf; mask-aktionen-wirkung QA; MANDANT-FINANZ Claim,U-C03-01,Major,Historische Scheinaktionen behoben aber Router-Doppelgruppen und Compat-Pfade erhoehen Erwartungsbruch-Risiko,SAP_MM;Oracle_Procurement;Odoo_Purchase
C04,Lager_Logistik_Fuhrpark,4,4,3,4,2,4,71,8,pages/lager|logistik|fuhrpark; logistics-action-declarations; native Capture-SDs,U-C04-01,Minor,Touch/Terminal-Pfade stark; Desktop-Dichte und Spezialmasken ungleichmaeßig nativ,SAP_EWM_light;L3_Lager
C05,Agrar_Ernte_Waage_Kontrakte,4,4,3,4,2,4,74,8,pages/agrar|annahme|waage|kontrakte|strecke; uix-anwender-bedienwege Touch; Ernte-PDF ADR-078,U-C05-01,Minor,Branchen-UX-Staerke; Voice-Wiegen noch Gate; Hardware-Waage externes Gate,L3_Waage;kein_Light_Aequivalent
C06,Finance_FiBu_Bank_Kasse,3,3,2,3,2,3,58,8,pages/finance|fibu|kasse; journal/open-gaps; payment_run_freigabe; Light versus matrix,U-C06-01,Blocker,Agentic Close/Matching und immutable Agent-Ledger fehlen; Kassenabschluss fachlich noch nicht fertig; assistive KI statt Policy-Agents,Light;OpenLedger;SAP_Joule;NetSuite
C07,Personal_Bewerbungen,4,3,3,4,2,4,68,8,pages/personal; Personal-Rollenclaim; Einwilligung/Loeschlauf/Fassung,U-C07-01,Minor,Rollen/DSGVO-Pfade gereift; UI-Rollensteuerung und Bewerber-Selbstzugang offen,Workday_assistive;Odoo_HR
C08,Compliance_Meldewesen_ESG,3,3,2,3,2,3,60,8,pages/compliance|nachhaltigkeit; OpenAccountants MCP contrast; meldewesen,U-C08-01,Major,Steuer-/Compliance-Wissen nicht als zitierbare MCP-Skills; lokale DE-Pfade stark aber kein globaler Tax-Guide-Layer,OpenAccountants;SAP_Compliance
C09,Portal_POS_Shop,3,3,3,3,2,3,64,8,pages/portal|pos; portal canonization; TSE/Fiskalisierung Admin,U-C09-01,Major,POS/Portal UX getrennt vom Meridian-Kern; Fiskalisierung/externe Gates,Odoo_POS;Lightspeed
C10,Admin_AgentOps_Docflow_Studio,4,3,3,3,3,3,66,8,pages/admin|admin-suite|docflow|workflow; MCP tools gap; Masken-Studio,U-C10-01,Major,Agent/MCP Schreibabdeckung weit unter ERPClaw-Action-Dichte; Docflow/OCR nicht TaxHacker-lokal-first,ERPClaw;TaxHacker;MCP_Dynamics
