feed_id,feed_name,source_set,sidp_g_kgdm,ca_g_kgdm,p_g_kgdm,na_g_kgdm,price_eur_kgdm,group,min_kgdm,max_kgdm,notes,source_sidp,source_minerals,source_group,source_price,source_limits
ackerbohnen,Ackerbohnen,DLG_2025,118,1.4,6.3,0.2,,Konzentratfutter - Trockenkonzentrat,,,,https://www.dlg.org/fileadmin/downloads/Landwirtschaft/Tierhaltung/Futtermittel/Fachinfos/Rinder/Futterwerttabellen_fuer_Wiederkaeuer/DLG_Futterwerttabellen.pdf,https://www.dlg.org/fileadmin/downloads/Landwirtschaft/Tierhaltung/Futtermittel/Fachinfos/Rinder/Futterwerttabellen_fuer_Wiederkaeuer/DLG_Futterwerttabellen.pdf,https://www.dlg.org/fileadmin/downloads/Landwirtschaft/Tierhaltung/Futtermittel/Fachinfos/Rinder/Futterwerttabellen_fuer_Wiederkaeuer/DLG_Futterwerttabellen.pdf,,
ackerbohnenschalen,Ackerbohnenschalen,DLG_2025,71,5.5,1.6,0.2,,Konzentratfutter - Trockenkonzentrat,,,,https://www.dlg.org/fileadmin/downloads/Landwirtschaft/Tierhaltung/Futtermittel/Fachinfos/Rinder/Futterwerttabellen_fuer_Wiederkaeuer/DLG_Futterwerttabellen.pdf,https://www.dlg.org/fileadmin/downloads/Landwirtschaft/Tierhaltung/Futtermittel/Fachinfos/Rinder/Futterwerttabellen_fuer_Wiederkaeuer/DLG_Futterwerttabellen.pdf,https://www.dlg.org/fileadmin/downloads/Landwirtschaft/Tierhaltung/Futtermittel/Fachinfos/Rinder/Futterwerttabellen_fuer_Wiederkaeuer/DLG_Futterwerttabellen.pdf,,
erbsen,Erbsen,DLG_2025,114,1.1,4.7,0.2,,Konzentratfutter - Trockenkonzentrat,,,,https://www.dlg.org/fileadmin/downloads/Landwirtschaft/Tierhaltung/Futtermittel/Fachinfos/Rinder/Futterwerttabellen_fuer_Wiederkaeuer/DLG_Futterwerttabellen.pdf,https://www.dlg.org/fileadmin/downloads/Landwirtschaft/Tierhaltung/Futtermittel/Fachinfos/Rinder/Futterwerttabellen_fuer_Wiederkaeuer/DLG_Futterwerttabellen.pdf,https://www.dlg.org/fileadmin/downloads/Landwirtschaft/Tierhaltung/Futtermittel/Fachinfos/Rinder/Futterwerttabellen_fuer_Wiederkaeuer/DLG_Futterwerttabellen.pdf,,
erbsenproteinkonzentrat,Erbsenproteinkonzentrat,DLG_2025,176,2,8,0.6,,Konzentratfutter - Trockenkonzentrat,,,,https://www.dlg.org/fileadmin/downloads/Landwirtschaft/Tierhaltung/Futtermittel/Fachinfos/Rinder/Futterwerttabellen_fuer_Wiederkaeuer/DLG_Futterwerttabellen.pdf,https://www.dlg.org/fileadmin/downloads/Landwirtschaft/Tierhaltung/Futtermittel/Fachinfos/Rinder/Futterwerttabellen_fuer_Wiederkaeuer/DLG_Futterwerttabellen.pdf,https://www.dlg.org/fileadmin/downloads/Landwirtschaft/Tierhaltung/Futtermittel/Fachinfos/Rinder/Futterwerttabellen_fuer_Wiederkaeuer/DLG_Futterwerttabellen.pdf,,
erbsenschalen,Erbsenschalen,DLG_2025,69,5.5,1.6,0.2,,Konzentratfutter - Trockenkonzentrat,,,,https://www.dlg.org/fileadmin/downloads/Landwirtschaft/Tierhaltung/Futtermittel/Fachinfos/Rinder/Futterwerttabellen_fuer_Wiederkaeuer/DLG_Futterwerttabellen.pdf,https://www.dlg.org/fileadmin/downloads/Landwirtschaft/Tierhaltung/Futtermittel/Fachinfos/Rinder/Futterwerttabellen_fuer_Wiederkaeuer/DLG_Futterwerttabellen.pdf,https://www.dlg.org/fileadmin/downloads/Landwirtschaft/Tierhaltung/Futtermittel/Fachinfos/Rinder/Futterwerttabellen_fuer_Wiederkaeuer/DLG_Futterwerttabellen.pdf,,
gerste,Gerste,DLG_2025,99,0.7,4,0.3,,Konzentratfutter - Trockenkonzentrat,,,,https://www.dlg.org/fileadmin/downloads/Landwirtschaft/Tierhaltung/Futtermittel/Fachinfos/Rinder/Futterwerttabellen_fuer_Wiederkaeuer/DLG_Futterwerttabellen.pdf,https://www.dlg.org/fileadmin/downloads/Landwirtschaft/Tierhaltung/Futtermittel/Fachinfos/Rinder/Futterwerttabellen_fuer_Wiederkaeuer/DLG_Futterwerttabellen.pdf,https://www.dlg.org/fileadmin/downloads/Landwirtschaft/Tierhaltung/Futtermittel/Fachinfos/Rinder/Futterwerttabellen_fuer_Wiederkaeuer/DLG_Futterwerttabellen.pdf,,
getreidetrockenschlempe_ohne_mais,Getreidetrockenschlempe (ohne Mais),DLG_2025,147,1,10,0.3,,Konzentratfutter - Trockenkonzentrat,,,,https://www.dlg.org/fileadmin/downloads/Landwirtschaft/Tierhaltung/Futtermittel/Fachinfos/Rinder/Futterwerttabellen_fuer_Wiederkaeuer/DLG_Futterwerttabellen.pdf,https://www.dlg.org/fileadmin/downloads/Landwirtschaft/Tierhaltung/Futtermittel/Fachinfos/Rinder/Futterwerttabellen_fuer_Wiederkaeuer/DLG_Futterwerttabellen.pdf,https://www.dlg.org/fileadmin/downloads/Landwirtschaft/Tierhaltung/Futtermittel/Fachinfos/Rinder/Futterwerttabellen_fuer_Wiederkaeuer/DLG_Futterwerttabellen.pdf,,
hafer,Hafer,DLG_2025,85,1.2,3.6,0.4,,Konzentratfutter - Trockenkonzentrat,,,,https://www.dlg.org/fileadmin/downloads/Landwirtschaft/Tierhaltung/Futtermittel/Fachinfos/Rinder/Futterwerttabellen_fuer_Wiederkaeuer/DLG_Futterwerttabellen.pdf,https://www.dlg.org/fileadmin/downloads/Landwirtschaft/Tierhaltung/Futtermittel/Fachinfos/Rinder/Futterwerttabellen_fuer_Wiederkaeuer/DLG_Futterwerttabellen.pdf,https://www.dlg.org/fileadmin/downloads/Landwirtschaft/Tierhaltung/Futtermittel/Fachinfos/Rinder/Futterwerttabellen_fuer_Wiederkaeuer/DLG_Futterwerttabellen.pdf,,
haferschaelkleie,Haferschälkleie,DLG_2025,66,1.1,1.8,0.2,,Konzentratfutter - Trockenkonzentrat,,,,https://www.dlg.org/fileadmin/downloads/Landwirtschaft/Tierhaltung/Futtermittel/Fachinfos/Rinder/Futterwerttabellen_fuer_Wiederkaeuer/DLG_Futterwerttabellen.pdf,https://www.dlg.org/fileadmin/downloads/Landwirtschaft/Tierhaltung/Futtermittel/Fachinfos/Rinder/Futterwerttabellen_fuer_Wiederkaeuer/DLG_Futterwerttabellen.pdf,https://www.dlg.org/fileadmin/downloads/Landwirtschaft/Tierhaltung/Futtermittel/Fachinfos/Rinder/Futterwerttabellen_fuer_Wiederkaeuer/DLG_Futterwerttabellen.pdf,,
kartoffelprotein,Kartoffelprotein,DLG_2025,,0.1,2.5,0.3,,Konzentratfutter - Trockenkonzentrat,,,sidP in DLG als n.a. ausgewiesen,https://www.dlg.org/fileadmin/downloads/Landwirtschaft/Tierhaltung/Futtermittel/Fachinfos/Rinder/Futterwerttabellen_fuer_Wiederkaeuer/DLG_Futterwerttabellen.pdf,https://www.dlg.org/fileadmin/downloads/Landwirtschaft/Tierhaltung/Futtermittel/Fachinfos/Rinder/Futterwerttabellen_fuer_Wiederkaeuer/DLG_Futterwerttabellen.pdf,https://www.dlg.org/fileadmin/downloads/Landwirtschaft/Tierhaltung/Futtermittel/Fachinfos/Rinder/Futterwerttabellen_fuer_Wiederkaeuer/DLG_Futterwerttabellen.pdf,,
kokospresskuchen,Kokospresskuchen,DLG_2025,110,1.8,6.6,1,,Konzentratfutter - Trockenkonzentrat,,,,https://www.dlg.org/fileadmin/downloads/Landwirtschaft/Tierhaltung/Futtermittel/Fachinfos/Rinder/Futterwerttabellen_fuer_Wiederkaeuer/DLG_Futterwerttabellen.pdf,https://www.dlg.org/fileadmin/downloads/Landwirtschaft/Tierhaltung/Futtermittel/Fachinfos/Rinder/Futterwerttabellen_fuer_Wiederkaeuer/DLG_Futterwerttabellen.pdf,https://www.dlg.org/fileadmin/downloads/Landwirtschaft/Tierhaltung/Futtermittel/Fachinfos/Rinder/Futterwerttabellen_fuer_Wiederkaeuer/DLG_Futterwerttabellen.pdf,,
koernermais,Körnermais,DLG_2025,108,0.3,3.2,0.1,,Konzentratfutter - Trockenkonzentrat,,,,https://www.dlg.org/fileadmin/downloads/Landwirtschaft/Tierhaltung/Futtermittel/Fachinfos/Rinder/Futterwerttabellen_fuer_Wiederkaeuer/DLG_Futterwerttabellen.pdf,https://www.dlg.org/fileadmin/downloads/Landwirtschaft/Tierhaltung/Futtermittel/Fachinfos/Rinder/Futterwerttabellen_fuer_Wiederkaeuer/DLG_Futterwerttabellen.pdf,https://www.dlg.org/fileadmin/downloads/Landwirtschaft/Tierhaltung/Futtermittel/Fachinfos/Rinder/Futterwerttabellen_fuer_Wiederkaeuer/DLG_Futterwerttabellen.pdf,,
leinsamen,Leinsamen,DLG_2025,95,3,6,0.8,,Konzentratfutter - Trockenkonzentrat,,,,https://www.dlg.org/fileadmin/downloads/Landwirtschaft/Tierhaltung/Futtermittel/Fachinfos/Rinder/Futterwerttabellen_fuer_Wiederkaeuer/DLG_Futterwerttabellen.pdf,https://www.dlg.org/fileadmin/downloads/Landwirtschaft/Tierhaltung/Futtermittel/Fachinfos/Rinder/Futterwerttabellen_fuer_Wiederkaeuer/DLG_Futterwerttabellen.pdf,https://www.dlg.org/fileadmin/downloads/Landwirtschaft/Tierhaltung/Futtermittel/Fachinfos/Rinder/Futterwerttabellen_fuer_Wiederkaeuer/DLG_Futterwerttabellen.pdf,,
leinextraktionsschrot_aufgefettet,"Leinextraktionsschrot, aufgefettet",DLG_2025,140,4.1,9.4,1.1,,Konzentratfutter - Trockenkonzentrat,,,,https://www.dlg.org/fileadmin/downloads/Landwirtschaft/Tierhaltung/Futtermittel/Fachinfos/Rinder/Futterwerttabellen_fuer_Wiederkaeuer/DLG_Futterwerttabellen.pdf,https://www.dlg.org/fileadmin/downloads/Landwirtschaft/Tierhaltung/Futtermittel/Fachinfos/Rinder/Futterwerttabellen_fuer_Wiederkaeuer/DLG_Futterwerttabellen.pdf,https://www.dlg.org/fileadmin/downloads/Landwirtschaft/Tierhaltung/Futtermittel/Fachinfos/Rinder/Futterwerttabellen_fuer_Wiederkaeuer/DLG_Futterwerttabellen.pdf,,
leinkuchen,Leinkuchen,DLG_2025,125,4,9.1,1.1,,Konzentratfutter - Trockenkonzentrat,,,,https://www.dlg.org/fileadmin/downloads/Landwirtschaft/Tierhaltung/Futtermittel/Fachinfos/Rinder/Futterwerttabellen_fuer_Wiederkaeuer/DLG_Futterwerttabellen.pdf,https://www.dlg.org/fileadmin/downloads/Landwirtschaft/Tierhaltung/Futtermittel/Fachinfos/Rinder/Futterwerttabellen_fuer_Wiederkaeuer/DLG_Futterwerttabellen.pdf,https://www.dlg.org/fileadmin/downloads/Landwirtschaft/Tierhaltung/Futtermittel/Fachinfos/Rinder/Futterwerttabellen_fuer_Wiederkaeuer/DLG_Futterwerttabellen.pdf,,
maiskleberfutter,Maiskleberfutter,DLG_2025,96,0.7,11.5,3,,Konzentratfutter - Trockenkonzentrat,,,,https://www.dlg.org/fileadmin/downloads/Landwirtschaft/Tierhaltung/Futtermittel/Fachinfos/Rinder/Futterwerttabellen_fuer_Wiederkaeuer/DLG_Futterwerttabellen.pdf,https://www.dlg.org/fileadmin/downloads/Landwirtschaft/Tierhaltung/Futtermittel/Fachinfos/Rinder/Futterwerttabellen_fuer_Wiederkaeuer/DLG_Futterwerttabellen.pdf,https://www.dlg.org/fileadmin/downloads/Landwirtschaft/Tierhaltung/Futtermittel/Fachinfos/Rinder/Futterwerttabellen_fuer_Wiederkaeuer/DLG_Futterwerttabellen.pdf,,
malzkeime,Malzkeime,DLG_2025,115,0.1,0.5,0.3,,Konzentratfutter - Trockenkonzentrat,,,,https://www.dlg.org/fileadmin/downloads/Landwirtschaft/Tierhaltung/Futtermittel/Fachinfos/Rinder/Futterwerttabellen_fuer_Wiederkaeuer/DLG_Futterwerttabellen.pdf,https://www.dlg.org/fileadmin/downloads/Landwirtschaft/Tierhaltung/Futtermittel/Fachinfos/Rinder/Futterwerttabellen_fuer_Wiederkaeuer/DLG_Futterwerttabellen.pdf,https://www.dlg.org/fileadmin/downloads/Landwirtschaft/Tierhaltung/Futtermittel/Fachinfos/Rinder/Futterwerttabellen_fuer_Wiederkaeuer/DLG_Futterwerttabellen.pdf,,
melasseschnitzel,Melasseschnitzel,DLG_2025,96,11,0.8,1.7,,Konzentratfutter - Trockenkonzentrat,,,,https://www.dlg.org/fileadmin/downloads/Landwirtschaft/Tierhaltung/Futtermittel/Fachinfos/Rinder/Futterwerttabellen_fuer_Wiederkaeuer/DLG_Futterwerttabellen.pdf,https://www.dlg.org/fileadmin/downloads/Landwirtschaft/Tierhaltung/Futtermittel/Fachinfos/Rinder/Futterwerttabellen_fuer_Wiederkaeuer/DLG_Futterwerttabellen.pdf,https://www.dlg.org/fileadmin/downloads/Landwirtschaft/Tierhaltung/Futtermittel/Fachinfos/Rinder/Futterwerttabellen_fuer_Wiederkaeuer/DLG_Futterwerttabellen.pdf,,
palmkernkuchen,Palmkernkuchen,DLG_2025,90,2.3,5.9,0.1,,Konzentratfutter - Trockenkonzentrat,,,,https://www.dlg.org/fileadmin/downloads/Landwirtschaft/Tierhaltung/Futtermittel/Fachinfos/Rinder/Futterwerttabellen_fuer_Wiederkaeuer/DLG_Futterwerttabellen.pdf,https://www.dlg.org/fileadmin/downloads/Landwirtschaft/Tierhaltung/Futtermittel/Fachinfos/Rinder/Futterwerttabellen_fuer_Wiederkaeuer/DLG_Futterwerttabellen.pdf,https://www.dlg.org/fileadmin/downloads/Landwirtschaft/Tierhaltung/Futtermittel/Fachinfos/Rinder/Futterwerttabellen_fuer_Wiederkaeuer/DLG_Futterwerttabellen.pdf,,
rapssaat,Rapssaat,DLG_2025,113,3,7.6,0.2,,Konzentratfutter - Trockenkonzentrat,,,,https://www.dlg.org/fileadmin/downloads/Landwirtschaft/Tierhaltung/Futtermittel/Fachinfos/Rinder/Futterwerttabellen_fuer_Wiederkaeuer/DLG_Futterwerttabellen.pdf,https://www.dlg.org/fileadmin/downloads/Landwirtschaft/Tierhaltung/Futtermittel/Fachinfos/Rinder/Futterwerttabellen_fuer_Wiederkaeuer/DLG_Futterwerttabellen.pdf,https://www.dlg.org/fileadmin/downloads/Landwirtschaft/Tierhaltung/Futtermittel/Fachinfos/Rinder/Futterwerttabellen_fuer_Wiederkaeuer/DLG_Futterwerttabellen.pdf,,
rapsextraktionsschrot_unbehandelt,Rapsextraktionsschrot unbehandelt,DLG_2025,146,8.7,11.9,0.5,,Konzentratfutter - Trockenkonzentrat,,,,https://www.dlg.org/fileadmin/downloads/Landwirtschaft/Tierhaltung/Futtermittel/Fachinfos/Rinder/Futterwerttabellen_fuer_Wiederkaeuer/DLG_Futterwerttabellen.pdf,https://www.dlg.org/fileadmin/downloads/Landwirtschaft/Tierhaltung/Futtermittel/Fachinfos/Rinder/Futterwerttabellen_fuer_Wiederkaeuer/DLG_Futterwerttabellen.pdf,https://www.dlg.org/fileadmin/downloads/Landwirtschaft/Tierhaltung/Futtermittel/Fachinfos/Rinder/Futterwerttabellen_fuer_Wiederkaeuer/DLG_Futterwerttabellen.pdf,,
rapsextraktionsschrot_unbehandelt_hoch_pansenstabil,"Rapsextraktionsschrot unbehandelt, hoch pansenstabil",DLG_2025,165,8.7,11.9,0.5,,Konzentratfutter - Trockenkonzentrat,,,,https://www.dlg.org/fileadmin/downloads/Landwirtschaft/Tierhaltung/Futtermittel/Fachinfos/Rinder/Futterwerttabellen_fuer_Wiederkaeuer/DLG_Futterwerttabellen.pdf,https://www.dlg.org/fileadmin/downloads/Landwirtschaft/Tierhaltung/Futtermittel/Fachinfos/Rinder/Futterwerttabellen_fuer_Wiederkaeuer/DLG_Futterwerttabellen.pdf,https://www.dlg.org/fileadmin/downloads/Landwirtschaft/Tierhaltung/Futtermittel/Fachinfos/Rinder/Futterwerttabellen_fuer_Wiederkaeuer/DLG_Futterwerttabellen.pdf,,
rapsextraktionsschrot_unbehandelt_mittel_pansenstabil,"Rapsextraktionsschrot unbehandelt, mittel pansenstabil",DLG_2025,145,8.7,11.9,0.5,,Konzentratfutter - Trockenkonzentrat,,,,https://www.dlg.org/fileadmin/downloads/Landwirtschaft/Tierhaltung/Futtermittel/Fachinfos/Rinder/Futterwerttabellen_fuer_Wiederkaeuer/DLG_Futterwerttabellen.pdf,https://www.dlg.org/fileadmin/downloads/Landwirtschaft/Tierhaltung/Futtermittel/Fachinfos/Rinder/Futterwerttabellen_fuer_Wiederkaeuer/DLG_Futterwerttabellen.pdf,https://www.dlg.org/fileadmin/downloads/Landwirtschaft/Tierhaltung/Futtermittel/Fachinfos/Rinder/Futterwerttabellen_fuer_Wiederkaeuer/DLG_Futterwerttabellen.pdf,,
rapsextraktionsschrot_unbehandelt_wenig_pansenstabil,"Rapsextraktionsschrot unbehandelt, wenig pansenstabil",DLG_2025,128,8.7,11.9,0.5,,Konzentratfutter - Trockenkonzentrat,,,,https://www.dlg.org/fileadmin/downloads/Landwirtschaft/Tierhaltung/Futtermittel/Fachinfos/Rinder/Futterwerttabellen_fuer_Wiederkaeuer/DLG_Futterwerttabellen.pdf,https://www.dlg.org/fileadmin/downloads/Landwirtschaft/Tierhaltung/Futtermittel/Fachinfos/Rinder/Futterwerttabellen_fuer_Wiederkaeuer/DLG_Futterwerttabellen.pdf,https://www.dlg.org/fileadmin/downloads/Landwirtschaft/Tierhaltung/Futtermittel/Fachinfos/Rinder/Futterwerttabellen_fuer_Wiederkaeuer/DLG_Futterwerttabellen.pdf,,
rapsextraktionsschrot_gezielt_therm_behandelt,"Rapsextraktionsschrot, gezielt therm. behandelt",DLG_2025,152,8.7,11.9,0.5,,Konzentratfutter - Trockenkonzentrat,,,,https://www.dlg.org/fileadmin/downloads/Landwirtschaft/Tierhaltung/Futtermittel/Fachinfos/Rinder/Futterwerttabellen_fuer_Wiederkaeuer/DLG_Futterwerttabellen.pdf,https://www.dlg.org/fileadmin/downloads/Landwirtschaft/Tierhaltung/Futtermittel/Fachinfos/Rinder/Futterwerttabellen_fuer_Wiederkaeuer/DLG_Futterwerttabellen.pdf,https://www.dlg.org/fileadmin/downloads/Landwirtschaft/Tierhaltung/Futtermittel/Fachinfos/Rinder/Futterwerttabellen_fuer_Wiederkaeuer/DLG_Futterwerttabellen.pdf,,
rapsextraktionsschrot_gezielt_therm_behandelt_hoch_pansenstabil,"Rapsextraktionsschrot, gezielt therm. behandelt, hoch pansenstabil",DLG_2025,177,8.7,11.9,0.5,,Konzentratfutter - Trockenkonzentrat,,,,https://www.dlg.org/fileadmin/downloads/Landwirtschaft/Tierhaltung/Futtermittel/Fachinfos/Rinder/Futterwerttabellen_fuer_Wiederkaeuer/DLG_Futterwerttabellen.pdf,https://www.dlg.org/fileadmin/downloads/Landwirtschaft/Tierhaltung/Futtermittel/Fachinfos/Rinder/Futterwerttabellen_fuer_Wiederkaeuer/DLG_Futterwerttabellen.pdf,https://www.dlg.org/fileadmin/downloads/Landwirtschaft/Tierhaltung/Futtermittel/Fachinfos/Rinder/Futterwerttabellen_fuer_Wiederkaeuer/DLG_Futterwerttabellen.pdf,,
rapsextraktionsschrot_gezielt_therm_behandelt_wenig_pansenstabil,"Rapsextraktionsschrot, gezielt therm. behandelt, wenig pansenstabil",DLG_2025,133,8.7,11.9,0.5,,Konzentratfutter - Trockenkonzentrat,,,,https://www.dlg.org/fileadmin/downloads/Landwirtschaft/Tierhaltung/Futtermittel/Fachinfos/Rinder/Futterwerttabellen_fuer_Wiederkaeuer/DLG_Futterwerttabellen.pdf,https://www.dlg.org/fileadmin/downloads/Landwirtschaft/Tierhaltung/Futtermittel/Fachinfos/Rinder/Futterwerttabellen_fuer_Wiederkaeuer/DLG_Futterwerttabellen.pdf,https://www.dlg.org/fileadmin/downloads/Landwirtschaft/Tierhaltung/Futtermittel/Fachinfos/Rinder/Futterwerttabellen_fuer_Wiederkaeuer/DLG_Futterwerttabellen.pdf,,
rapskuchen,Rapskuchen,DLG_2025,114,8.2,11.9,0.5,,Konzentratfutter - Trockenkonzentrat,,,,https://www.dlg.org/fileadmin/downloads/Landwirtschaft/Tierhaltung/Futtermittel/Fachinfos/Rinder/Futterwerttabellen_fuer_Wiederkaeuer/DLG_Futterwerttabellen.pdf,https://www.dlg.org/fileadmin/downloads/Landwirtschaft/Tierhaltung/Futtermittel/Fachinfos/Rinder/Futterwerttabellen_fuer_Wiederkaeuer/DLG_Futterwerttabellen.pdf,https://www.dlg.org/fileadmin/downloads/Landwirtschaft/Tierhaltung/Futtermittel/Fachinfos/Rinder/Futterwerttabellen_fuer_Wiederkaeuer/DLG_Futterwerttabellen.pdf,,
roggen,Roggen,DLG_2025,92,0.6,3.1,0.2,,Konzentratfutter - Trockenkonzentrat,,,,https://www.dlg.org/fileadmin/downloads/Landwirtschaft/Tierhaltung/Futtermittel/Fachinfos/Rinder/Futterwerttabellen_fuer_Wiederkaeuer/DLG_Futterwerttabellen.pdf,https://www.dlg.org/fileadmin/downloads/Landwirtschaft/Tierhaltung/Futtermittel/Fachinfos/Rinder/Futterwerttabellen_fuer_Wiederkaeuer/DLG_Futterwerttabellen.pdf,https://www.dlg.org/fileadmin/downloads/Landwirtschaft/Tierhaltung/Futtermittel/Fachinfos/Rinder/Futterwerttabellen_fuer_Wiederkaeuer/DLG_Futterwerttabellen.pdf,,
roggenkleie,Roggenkleie,DLG_2025,87,1.7,9.5,0.2,,Konzentratfutter - Trockenkonzentrat,,,,https://www.dlg.org/fileadmin/downloads/Landwirtschaft/Tierhaltung/Futtermittel/Fachinfos/Rinder/Futterwerttabellen_fuer_Wiederkaeuer/DLG_Futterwerttabellen.pdf,https://www.dlg.org/fileadmin/downloads/Landwirtschaft/Tierhaltung/Futtermittel/Fachinfos/Rinder/Futterwerttabellen_fuer_Wiederkaeuer/DLG_Futterwerttabellen.pdf,https://www.dlg.org/fileadmin/downloads/Landwirtschaft/Tierhaltung/Futtermittel/Fachinfos/Rinder/Futterwerttabellen_fuer_Wiederkaeuer/DLG_Futterwerttabellen.pdf,,
schokomehl,Schokomehl,DLG_2025,98,0.9,2.3,4.7,,Konzentratfutter - Trockenkonzentrat,,,,https://www.dlg.org/fileadmin/downloads/Landwirtschaft/Tierhaltung/Futtermittel/Fachinfos/Rinder/Futterwerttabellen_fuer_Wiederkaeuer/DLG_Futterwerttabellen.pdf,https://www.dlg.org/fileadmin/downloads/Landwirtschaft/Tierhaltung/Futtermittel/Fachinfos/Rinder/Futterwerttabellen_fuer_Wiederkaeuer/DLG_Futterwerttabellen.pdf,https://www.dlg.org/fileadmin/downloads/Landwirtschaft/Tierhaltung/Futtermittel/Fachinfos/Rinder/Futterwerttabellen_fuer_Wiederkaeuer/DLG_Futterwerttabellen.pdf,,
sojabohne,Sojabohne,DLG_2025,144,2.8,6.6,0.2,,Konzentratfutter - Trockenkonzentrat,,,,https://www.dlg.org/fileadmin/downloads/Landwirtschaft/Tierhaltung/Futtermittel/Fachinfos/Rinder/Futterwerttabellen_fuer_Wiederkaeuer/DLG_Futterwerttabellen.pdf,https://www.dlg.org/fileadmin/downloads/Landwirtschaft/Tierhaltung/Futtermittel/Fachinfos/Rinder/Futterwerttabellen_fuer_Wiederkaeuer/DLG_Futterwerttabellen.pdf,https://www.dlg.org/fileadmin/downloads/Landwirtschaft/Tierhaltung/Futtermittel/Fachinfos/Rinder/Futterwerttabellen_fuer_Wiederkaeuer/DLG_Futterwerttabellen.pdf,,
sojabohnenschalen,Sojabohnenschalen,DLG_2025,90,5.5,1.6,0.2,,Konzentratfutter - Trockenkonzentrat,,,,https://www.dlg.org/fileadmin/downloads/Landwirtschaft/Tierhaltung/Futtermittel/Fachinfos/Rinder/Futterwerttabellen_fuer_Wiederkaeuer/DLG_Futterwerttabellen.pdf,https://www.dlg.org/fileadmin/downloads/Landwirtschaft/Tierhaltung/Futtermittel/Fachinfos/Rinder/Futterwerttabellen_fuer_Wiederkaeuer/DLG_Futterwerttabellen.pdf,https://www.dlg.org/fileadmin/downloads/Landwirtschaft/Tierhaltung/Futtermittel/Fachinfos/Rinder/Futterwerttabellen_fuer_Wiederkaeuer/DLG_Futterwerttabellen.pdf,,
sojabohnenpresskuchen,Sojabohnenpresskuchen,DLG_2025,211,3,6.8,0.1,,Konzentratfutter - Trockenkonzentrat,,,,https://www.dlg.org/fileadmin/downloads/Landwirtschaft/Tierhaltung/Futtermittel/Fachinfos/Rinder/Futterwerttabellen_fuer_Wiederkaeuer/DLG_Futterwerttabellen.pdf,https://www.dlg.org/fileadmin/downloads/Landwirtschaft/Tierhaltung/Futtermittel/Fachinfos/Rinder/Futterwerttabellen_fuer_Wiederkaeuer/DLG_Futterwerttabellen.pdf,https://www.dlg.org/fileadmin/downloads/Landwirtschaft/Tierhaltung/Futtermittel/Fachinfos/Rinder/Futterwerttabellen_fuer_Wiederkaeuer/DLG_Futterwerttabellen.pdf,,
sojaextraktionsschrot_unbehandelt,Sojaextraktionsschrot unbehandelt,DLG_2025,219,3.1,7,0.2,,Konzentratfutter - Trockenkonzentrat,,,,https://www.dlg.org/fileadmin/downloads/Landwirtschaft/Tierhaltung/Futtermittel/Fachinfos/Rinder/Futterwerttabellen_fuer_Wiederkaeuer/DLG_Futterwerttabellen.pdf,https://www.dlg.org/fileadmin/downloads/Landwirtschaft/Tierhaltung/Futtermittel/Fachinfos/Rinder/Futterwerttabellen_fuer_Wiederkaeuer/DLG_Futterwerttabellen.pdf,https://www.dlg.org/fileadmin/downloads/Landwirtschaft/Tierhaltung/Futtermittel/Fachinfos/Rinder/Futterwerttabellen_fuer_Wiederkaeuer/DLG_Futterwerttabellen.pdf,,
sojaextraktionsschrot_aus_geschaelter_saat,Sojaextraktionsschrot aus geschälter Saat,DLG_2025,227,3.5,7.3,0.2,,Konzentratfutter - Trockenkonzentrat,,,,https://www.dlg.org/fileadmin/downloads/Landwirtschaft/Tierhaltung/Futtermittel/Fachinfos/Rinder/Futterwerttabellen_fuer_Wiederkaeuer/DLG_Futterwerttabellen.pdf,https://www.dlg.org/fileadmin/downloads/Landwirtschaft/Tierhaltung/Futtermittel/Fachinfos/Rinder/Futterwerttabellen_fuer_Wiederkaeuer/DLG_Futterwerttabellen.pdf,https://www.dlg.org/fileadmin/downloads/Landwirtschaft/Tierhaltung/Futtermittel/Fachinfos/Rinder/Futterwerttabellen_fuer_Wiederkaeuer/DLG_Futterwerttabellen.pdf,,
sojaextraktionsschrot_gezielt_behandelt_pansenstabil,"Sojaextraktionsschrot, gezielt behandelt/pansenstabil",DLG_2025,320,3,6.4,0.2,,Konzentratfutter - Trockenkonzentrat,,,,https://www.dlg.org/fileadmin/downloads/Landwirtschaft/Tierhaltung/Futtermittel/Fachinfos/Rinder/Futterwerttabellen_fuer_Wiederkaeuer/DLG_Futterwerttabellen.pdf,https://www.dlg.org/fileadmin/downloads/Landwirtschaft/Tierhaltung/Futtermittel/Fachinfos/Rinder/Futterwerttabellen_fuer_Wiederkaeuer/DLG_Futterwerttabellen.pdf,https://www.dlg.org/fileadmin/downloads/Landwirtschaft/Tierhaltung/Futtermittel/Fachinfos/Rinder/Futterwerttabellen_fuer_Wiederkaeuer/DLG_Futterwerttabellen.pdf,,
sonnenblumenextraktionsschrot_geschaelte_saat,"Sonnenblumenextraktionsschrot, geschälte Saat",DLG_2025,124,3.7,10.6,0.3,,Konzentratfutter - Trockenkonzentrat,,,,https://www.dlg.org/fileadmin/downloads/Landwirtschaft/Tierhaltung/Futtermittel/Fachinfos/Rinder/Futterwerttabellen_fuer_Wiederkaeuer/DLG_Futterwerttabellen.pdf,https://www.dlg.org/fileadmin/downloads/Landwirtschaft/Tierhaltung/Futtermittel/Fachinfos/Rinder/Futterwerttabellen_fuer_Wiederkaeuer/DLG_Futterwerttabellen.pdf,https://www.dlg.org/fileadmin/downloads/Landwirtschaft/Tierhaltung/Futtermittel/Fachinfos/Rinder/Futterwerttabellen_fuer_Wiederkaeuer/DLG_Futterwerttabellen.pdf,,
sonnenblumenextraktionsschrot_teilgeschaelte_saat,"Sonnenblumenextraktionsschrot, teilgeschälte Saat",DLG_2025,108,4.4,11,0.2,,Konzentratfutter - Trockenkonzentrat,,,,https://www.dlg.org/fileadmin/downloads/Landwirtschaft/Tierhaltung/Futtermittel/Fachinfos/Rinder/Futterwerttabellen_fuer_Wiederkaeuer/DLG_Futterwerttabellen.pdf,https://www.dlg.org/fileadmin/downloads/Landwirtschaft/Tierhaltung/Futtermittel/Fachinfos/Rinder/Futterwerttabellen_fuer_Wiederkaeuer/DLG_Futterwerttabellen.pdf,https://www.dlg.org/fileadmin/downloads/Landwirtschaft/Tierhaltung/Futtermittel/Fachinfos/Rinder/Futterwerttabellen_fuer_Wiederkaeuer/DLG_Futterwerttabellen.pdf,,
sonnenblumenextraktionsschrot_schalenreich,"Sonnenblumenextraktionsschrot, schalenreich",DLG_2025,89,2.8,8.5,0.1,,Konzentratfutter - Trockenkonzentrat,,,,https://www.dlg.org/fileadmin/downloads/Landwirtschaft/Tierhaltung/Futtermittel/Fachinfos/Rinder/Futterwerttabellen_fuer_Wiederkaeuer/DLG_Futterwerttabellen.pdf,https://www.dlg.org/fileadmin/downloads/Landwirtschaft/Tierhaltung/Futtermittel/Fachinfos/Rinder/Futterwerttabellen_fuer_Wiederkaeuer/DLG_Futterwerttabellen.pdf,https://www.dlg.org/fileadmin/downloads/Landwirtschaft/Tierhaltung/Futtermittel/Fachinfos/Rinder/Futterwerttabellen_fuer_Wiederkaeuer/DLG_Futterwerttabellen.pdf,,
sonnenblumenpresskuchen,Sonnenblumenpresskuchen,DLG_2025,134,3.4,10.3,0.2,,Konzentratfutter - Trockenkonzentrat,,,,https://www.dlg.org/fileadmin/downloads/Landwirtschaft/Tierhaltung/Futtermittel/Fachinfos/Rinder/Futterwerttabellen_fuer_Wiederkaeuer/DLG_Futterwerttabellen.pdf,https://www.dlg.org/fileadmin/downloads/Landwirtschaft/Tierhaltung/Futtermittel/Fachinfos/Rinder/Futterwerttabellen_fuer_Wiederkaeuer/DLG_Futterwerttabellen.pdf,https://www.dlg.org/fileadmin/downloads/Landwirtschaft/Tierhaltung/Futtermittel/Fachinfos/Rinder/Futterwerttabellen_fuer_Wiederkaeuer/DLG_Futterwerttabellen.pdf,,
suesslupinen_blau,"Süßlupinen, blau",DLG_2025,120,2.1,3.2,0.4,,Konzentratfutter - Trockenkonzentrat,,,,https://www.dlg.org/fileadmin/downloads/Landwirtschaft/Tierhaltung/Futtermittel/Fachinfos/Rinder/Futterwerttabellen_fuer_Wiederkaeuer/DLG_Futterwerttabellen.pdf,https://www.dlg.org/fileadmin/downloads/Landwirtschaft/Tierhaltung/Futtermittel/Fachinfos/Rinder/Futterwerttabellen_fuer_Wiederkaeuer/DLG_Futterwerttabellen.pdf,https://www.dlg.org/fileadmin/downloads/Landwirtschaft/Tierhaltung/Futtermittel/Fachinfos/Rinder/Futterwerttabellen_fuer_Wiederkaeuer/DLG_Futterwerttabellen.pdf,,
suesslupinen_weiss,"Süßlupinen, weiß",DLG_2025,122,2.1,4.5,0.4,,Konzentratfutter - Trockenkonzentrat,,,,https://www.dlg.org/fileadmin/downloads/Landwirtschaft/Tierhaltung/Futtermittel/Fachinfos/Rinder/Futterwerttabellen_fuer_Wiederkaeuer/DLG_Futterwerttabellen.pdf,https://www.dlg.org/fileadmin/downloads/Landwirtschaft/Tierhaltung/Futtermittel/Fachinfos/Rinder/Futterwerttabellen_fuer_Wiederkaeuer/DLG_Futterwerttabellen.pdf,https://www.dlg.org/fileadmin/downloads/Landwirtschaft/Tierhaltung/Futtermittel/Fachinfos/Rinder/Futterwerttabellen_fuer_Wiederkaeuer/DLG_Futterwerttabellen.pdf,,
triticale,Triticale,DLG_2025,98,0.4,3.5,0.2,,Konzentratfutter - Trockenkonzentrat,,,,https://www.dlg.org/fileadmin/downloads/Landwirtschaft/Tierhaltung/Futtermittel/Fachinfos/Rinder/Futterwerttabellen_fuer_Wiederkaeuer/DLG_Futterwerttabellen.pdf,https://www.dlg.org/fileadmin/downloads/Landwirtschaft/Tierhaltung/Futtermittel/Fachinfos/Rinder/Futterwerttabellen_fuer_Wiederkaeuer/DLG_Futterwerttabellen.pdf,https://www.dlg.org/fileadmin/downloads/Landwirtschaft/Tierhaltung/Futtermittel/Fachinfos/Rinder/Futterwerttabellen_fuer_Wiederkaeuer/DLG_Futterwerttabellen.pdf,,
weizen,Weizen,DLG_2025,101,0.5,3.2,0.1,,Konzentratfutter - Trockenkonzentrat,,,,https://www.dlg.org/fileadmin/downloads/Landwirtschaft/Tierhaltung/Futtermittel/Fachinfos/Rinder/Futterwerttabellen_fuer_Wiederkaeuer/DLG_Futterwerttabellen.pdf,https://www.dlg.org/fileadmin/downloads/Landwirtschaft/Tierhaltung/Futtermittel/Fachinfos/Rinder/Futterwerttabellen_fuer_Wiederkaeuer/DLG_Futterwerttabellen.pdf,https://www.dlg.org/fileadmin/downloads/Landwirtschaft/Tierhaltung/Futtermittel/Fachinfos/Rinder/Futterwerttabellen_fuer_Wiederkaeuer/DLG_Futterwerttabellen.pdf,,
weizenkleberfutter,Weizenkleberfutter,DLG_2025,90,1.1,9,0.3,,Konzentratfutter - Trockenkonzentrat,,,,https://www.dlg.org/fileadmin/downloads/Landwirtschaft/Tierhaltung/Futtermittel/Fachinfos/Rinder/Futterwerttabellen_fuer_Wiederkaeuer/DLG_Futterwerttabellen.pdf,https://www.dlg.org/fileadmin/downloads/Landwirtschaft/Tierhaltung/Futtermittel/Fachinfos/Rinder/Futterwerttabellen_fuer_Wiederkaeuer/DLG_Futterwerttabellen.pdf,https://www.dlg.org/fileadmin/downloads/Landwirtschaft/Tierhaltung/Futtermittel/Fachinfos/Rinder/Futterwerttabellen_fuer_Wiederkaeuer/DLG_Futterwerttabellen.pdf,,
weizenkleie,Weizenkleie,DLG_2025,,,,,,Konzentratfutter - Trockenkonzentrat,,,"DLG 2025 führt zwei Varianten: stärkereich (sidP 86; Ca 1,8; P 13,0; Na 0,5) und faserreich (sidP 86; Ca 1,4; P 13,0; Na 0,1). Werte nicht automatisch zusammengeführt.",https://www.dlg.org/fileadmin/downloads/Landwirtschaft/Tierhaltung/Futtermittel/Fachinfos/Rinder/Futterwerttabellen_fuer_Wiederkaeuer/DLG_Futterwerttabellen.pdf,https://www.dlg.org/fileadmin/downloads/Landwirtschaft/Tierhaltung/Futtermittel/Fachinfos/Rinder/Futterwerttabellen_fuer_Wiederkaeuer/DLG_Futterwerttabellen.pdf,https://www.dlg.org/fileadmin/downloads/Landwirtschaft/Tierhaltung/Futtermittel/Fachinfos/Rinder/Futterwerttabellen_fuer_Wiederkaeuer/DLG_Futterwerttabellen.pdf,,
weizengriesskleie,Weizengrießkleie,DLG_2025,89,1.1,12,0.1,,Konzentratfutter - Trockenkonzentrat,,,,https://www.dlg.org/fileadmin/downloads/Landwirtschaft/Tierhaltung/Futtermittel/Fachinfos/Rinder/Futterwerttabellen_fuer_Wiederkaeuer/DLG_Futterwerttabellen.pdf,https://www.dlg.org/fileadmin/downloads/Landwirtschaft/Tierhaltung/Futtermittel/Fachinfos/Rinder/Futterwerttabellen_fuer_Wiederkaeuer/DLG_Futterwerttabellen.pdf,https://www.dlg.org/fileadmin/downloads/Landwirtschaft/Tierhaltung/Futtermittel/Fachinfos/Rinder/Futterwerttabellen_fuer_Wiederkaeuer/DLG_Futterwerttabellen.pdf,,
zitrustrester,Zitrustrester,DLG_2025,105,20,1,,,Konzentratfutter - Trockenkonzentrat,,,Na in DLG 2025 als n.a. ausgewiesen,https://www.dlg.org/fileadmin/downloads/Landwirtschaft/Tierhaltung/Futtermittel/Fachinfos/Rinder/Futterwerttabellen_fuer_Wiederkaeuer/DLG_Futterwerttabellen.pdf,https://www.dlg.org/fileadmin/downloads/Landwirtschaft/Tierhaltung/Futtermittel/Fachinfos/Rinder/Futterwerttabellen_fuer_Wiederkaeuer/DLG_Futterwerttabellen.pdf,https://www.dlg.org/fileadmin/downloads/Landwirtschaft/Tierhaltung/Futtermittel/Fachinfos/Rinder/Futterwerttabellen_fuer_Wiederkaeuer/DLG_Futterwerttabellen.pdf,,
feuchtmais_ccm,Feuchtmais (CCM),DLG_2025,114,0.3,3.2,0.1,,Konzentratfutter - Feuchtkonzentrat,,,,https://www.dlg.org/fileadmin/downloads/Landwirtschaft/Tierhaltung/Futtermittel/Fachinfos/Rinder/Futterwerttabellen_fuer_Wiederkaeuer/DLG_Futterwerttabellen.pdf,https://www.dlg.org/fileadmin/downloads/Landwirtschaft/Tierhaltung/Futtermittel/Fachinfos/Rinder/Futterwerttabellen_fuer_Wiederkaeuer/DLG_Futterwerttabellen.pdf,https://www.dlg.org/fileadmin/downloads/Landwirtschaft/Tierhaltung/Futtermittel/Fachinfos/Rinder/Futterwerttabellen_fuer_Wiederkaeuer/DLG_Futterwerttabellen.pdf,,
maiskleberfutter_siliert,"Maiskleberfutter, siliert",DLG_2025,93,2.6,8.7,0.2,,Konzentratfutter - Feuchtkonzentrat,,,,https://www.dlg.org/fileadmin/downloads/Landwirtschaft/Tierhaltung/Futtermittel/Fachinfos/Rinder/Futterwerttabellen_fuer_Wiederkaeuer/DLG_Futterwerttabellen.pdf,https://www.dlg.org/fileadmin/downloads/Landwirtschaft/Tierhaltung/Futtermittel/Fachinfos/Rinder/Futterwerttabellen_fuer_Wiederkaeuer/DLG_Futterwerttabellen.pdf,https://www.dlg.org/fileadmin/downloads/Landwirtschaft/Tierhaltung/Futtermittel/Fachinfos/Rinder/Futterwerttabellen_fuer_Wiederkaeuer/DLG_Futterwerttabellen.pdf,,
maiskolben_mit_lieschen_lks,Maiskolben mit Lieschen (LKS),DLG_2025,96,0.6,2.5,0.2,,Konzentratfutter - Feuchtkonzentrat,,,,https://www.dlg.org/fileadmin/downloads/Landwirtschaft/Tierhaltung/Futtermittel/Fachinfos/Rinder/Futterwerttabellen_fuer_Wiederkaeuer/DLG_Futterwerttabellen.pdf,https://www.dlg.org/fileadmin/downloads/Landwirtschaft/Tierhaltung/Futtermittel/Fachinfos/Rinder/Futterwerttabellen_fuer_Wiederkaeuer/DLG_Futterwerttabellen.pdf,https://www.dlg.org/fileadmin/downloads/Landwirtschaft/Tierhaltung/Futtermittel/Fachinfos/Rinder/Futterwerttabellen_fuer_Wiederkaeuer/DLG_Futterwerttabellen.pdf,,
melasse_zuckerrohr,"Melasse, Zuckerrohr",DLG_2025,85,9.6,1,1.8,,Konzentratfutter - Feuchtkonzentrat,,,,https://www.dlg.org/fileadmin/downloads/Landwirtschaft/Tierhaltung/Futtermittel/Fachinfos/Rinder/Futterwerttabellen_fuer_Wiederkaeuer/DLG_Futterwerttabellen.pdf,https://www.dlg.org/fileadmin/downloads/Landwirtschaft/Tierhaltung/Futtermittel/Fachinfos/Rinder/Futterwerttabellen_fuer_Wiederkaeuer/DLG_Futterwerttabellen.pdf,https://www.dlg.org/fileadmin/downloads/Landwirtschaft/Tierhaltung/Futtermittel/Fachinfos/Rinder/Futterwerttabellen_fuer_Wiederkaeuer/DLG_Futterwerttabellen.pdf,,
melasse_zuckerruebe,"Melasse, Zuckerrübe",DLG_2025,101,2.1,0.3,6.8,,Konzentratfutter - Feuchtkonzentrat,,,,https://www.dlg.org/fileadmin/downloads/Landwirtschaft/Tierhaltung/Futtermittel/Fachinfos/Rinder/Futterwerttabellen_fuer_Wiederkaeuer/DLG_Futterwerttabellen.pdf,https://www.dlg.org/fileadmin/downloads/Landwirtschaft/Tierhaltung/Futtermittel/Fachinfos/Rinder/Futterwerttabellen_fuer_Wiederkaeuer/DLG_Futterwerttabellen.pdf,https://www.dlg.org/fileadmin/downloads/Landwirtschaft/Tierhaltung/Futtermittel/Fachinfos/Rinder/Futterwerttabellen_fuer_Wiederkaeuer/DLG_Futterwerttabellen.pdf,,
zuckerruebenvinasse,Zuckerrübenvinasse,DLG_2025,132,1.5,3.8,8.5,,Konzentratfutter - Feuchtkonzentrat,,,,https://www.dlg.org/fileadmin/downloads/Landwirtschaft/Tierhaltung/Futtermittel/Fachinfos/Rinder/Futterwerttabellen_fuer_Wiederkaeuer/DLG_Futterwerttabellen.pdf,https://www.dlg.org/fileadmin/downloads/Landwirtschaft/Tierhaltung/Futtermittel/Fachinfos/Rinder/Futterwerttabellen_fuer_Wiederkaeuer/DLG_Futterwerttabellen.pdf,https://www.dlg.org/fileadmin/downloads/Landwirtschaft/Tierhaltung/Futtermittel/Fachinfos/Rinder/Futterwerttabellen_fuer_Wiederkaeuer/DLG_Futterwerttabellen.pdf,,
maissilage,Maissilage,LFL_2025_median,82,1.7,2.2,0,,Grundfutter - Grobfutter,,,MW Bayern 2025 / Median LKV-Futterlabor Bayern; FAN1,https://www.lfl.bayern.de/mam/cms07/ite/dateien/maissilage_2025.pdf,https://www.lfl.bayern.de/mam/cms07/ite/dateien/maissilage_2025.pdf,https://www.dlg.org/fileadmin/downloads/Landwirtschaft/Tierhaltung/Futtermittel/Fachinfos/Rinder/Futterwerttabellen_fuer_Wiederkaeuer/DLG_Futterwerttabellen.pdf,,
grassilage_1_schnitt,Grassilage 1. Schnitt,LFL_2025_median,92,4.9,3.8,0.6,,Grundfutter - Grobfutter,,,Ø 2025 / Median LKV-Futterlabor Bayern; FAN1,https://www.lfl.bayern.de/mam/cms07/ite/dateien/grassilage_1._schnitt_2025.pdf,https://www.lfl.bayern.de/mam/cms07/ite/dateien/grassilage_1._schnitt_2025.pdf,https://www.dlg.org/fileadmin/downloads/Landwirtschaft/Tierhaltung/Futtermittel/Fachinfos/Rinder/Futterwerttabellen_fuer_Wiederkaeuer/DLG_Futterwerttabellen.pdf,,
grascobs_heissluftheu_1_schnitt,Grascobs/Heißluftheu 1. Schnitt,LFL_2025_median,97.8,6.3,3.5,0.1,,Grundfutter - Grobfutter,,,2025 / Median LKV-Futterlabor Bayern; FAN1,https://www.lfl.bayern.de/mam/cms07/ite/dateien/kleegras_heu_cobs_luzerne_2025.pdf,https://www.lfl.bayern.de/mam/cms07/ite/dateien/kleegras_heu_cobs_luzerne_2025.pdf,https://www.dlg.org/fileadmin/downloads/Landwirtschaft/Tierhaltung/Futtermittel/Fachinfos/Rinder/Futterwerttabellen_fuer_Wiederkaeuer/DLG_Futterwerttabellen.pdf,,
grascobs_heissluftheu_folgeschnitte,Grascobs/Heißluftheu Folgeschnitte,LFL_2025_median,103.1,4.8,3.8,0.4,,Grundfutter - Grobfutter,,,2025 / Median LKV-Futterlabor Bayern; FAN1,https://www.lfl.bayern.de/mam/cms07/ite/dateien/kleegras_heu_cobs_luzerne_2025.pdf,https://www.lfl.bayern.de/mam/cms07/ite/dateien/kleegras_heu_cobs_luzerne_2025.pdf,https://www.dlg.org/fileadmin/downloads/Landwirtschaft/Tierhaltung/Futtermittel/Fachinfos/Rinder/Futterwerttabellen_fuer_Wiederkaeuer/DLG_Futterwerttabellen.pdf,,
wiesen_belueftungsheu_1_schnitt,Wiesen-/Belüftungsheu 1. Schnitt,LFL_2025_median,69,4.1,2.3,0.2,,Grundfutter - Grobfutter,,,2025 / Median LKV-Futterlabor Bayern; FAN1,https://www.lfl.bayern.de/mam/cms07/ite/dateien/kleegras_heu_cobs_luzerne_2025.pdf,https://www.lfl.bayern.de/mam/cms07/ite/dateien/kleegras_heu_cobs_luzerne_2025.pdf,https://www.dlg.org/fileadmin/downloads/Landwirtschaft/Tierhaltung/Futtermittel/Fachinfos/Rinder/Futterwerttabellen_fuer_Wiederkaeuer/DLG_Futterwerttabellen.pdf,,
wiesen_belueftungsheu_folgeschnitte,Wiesen-/Belüftungsheu Folgeschnitte,LFL_2025_median,87.6,3.9,3.8,0.6,,Grundfutter - Grobfutter,,,2025 / Median LKV-Futterlabor Bayern; FAN1,https://www.lfl.bayern.de/mam/cms07/ite/dateien/kleegras_heu_cobs_luzerne_2025.pdf,https://www.lfl.bayern.de/mam/cms07/ite/dateien/kleegras_heu_cobs_luzerne_2025.pdf,https://www.dlg.org/fileadmin/downloads/Landwirtschaft/Tierhaltung/Futtermittel/Fachinfos/Rinder/Futterwerttabellen_fuer_Wiederkaeuer/DLG_Futterwerttabellen.pdf,,
